{"cameraMode":{"drawMode":0,"name":"Shaded","section":"Shading Mode"},"sceneLighting":false,"audioPlay":false,"sceneViewState":{"showFog":true,"showMaterialUpdate":false,"showSkybox":false,"showFlares":true,"showImageEffects":true,"showParticleSystems":true},"in2DMode":false,"pivot":{"x":2.204681873321533,"y":2.2135050296783449,"z":4.852582931518555},"rotation":{"x":-0.17604079842567445,"y":0.14033570885658265,"z":-0.025364704430103303,"w":-0.9739999771118164},"size":1.1770901679992676,"orthographic":false}