{"cameraMode":{"drawMode":0,"name":"Shaded","section":"Shading Mode"},"sceneLighting":false,"audioPlay":false,"sceneViewState":{"showFog":true,"showMaterialUpdate":false,"showSkybox":false,"showFlares":true,"showImageEffects":true,"showParticleSystems":true},"in2DMode":false,"pivot":{"x":0.009999997913837433,"y":0.48499995470046999,"z":0.8339999914169312},"rotation":{"x":0.004713656380772591,"y":0.9928025603294373,"z":-0.04172224923968315,"w":0.11216387897729874},"size":0.6443202495574951,"orthographic":false}