{"cameraMode":{"drawMode":0,"name":"Shaded","section":"Shading Mode"},"sceneLighting":false,"audioPlay":false,"sceneViewState":{"showFog":true,"showMaterialUpdate":false,"showSkybox":false,"showFlares":true,"showImageEffects":true,"showParticleSystems":true},"in2DMode":false,"pivot":{"x":-0.08893673866987229,"y":-0.07354948669672013,"z":0.715497612953186},"rotation":{"x":-0.15708185732364655,"y":0.030212223529815675,"z":-0.004807683639228344,"w":-0.9871122241020203},"size":0.46048668026924136,"orthographic":false}