{"cameraMode":{"drawMode":0,"name":"Shaded","section":"Shading Mode"},"sceneLighting":true,"audioPlay":false,"sceneViewState":{"showFog":true,"showMaterialUpdate":false,"showSkybox":true,"showFlares":true,"showImageEffects":true,"showParticleSystems":true},"in2DMode":false,"pivot":{"x":0.0,"y":0.012000000104308129,"z":0.008000001311302185},"rotation":{"x":0.019473455846309663,"y":-0.05096837133169174,"z":0.0009940180461853743,"w":0.9985104203224182},"size":0.22344468533992768,"orthographic":true}