{"cameraMode":{"drawMode":0,"name":"Shaded","section":"Shading Mode"},"sceneLighting":false,"audioPlay":false,"sceneViewState":{"showFog":true,"showMaterialUpdate":false,"showSkybox":false,"showFlares":true,"showImageEffects":true,"showParticleSystems":true},"in2DMode":false,"pivot":{"x":-0.00004193931818008423,"y":-0.004900000989437103,"z":0.4905000627040863},"rotation":{"x":-0.15708185732364655,"y":0.030212223529815675,"z":-0.004807683639228344,"w":-0.9871122241020203},"size":0.39141473174095156,"orthographic":false}