{"cameraMode":{"drawMode":0,"name":"Shaded","section":"Shading Mode"},"sceneLighting":false,"audioPlay":false,"sceneViewState":{"showFog":true,"showMaterialUpdate":false,"showSkybox":false,"showFlares":true,"showImageEffects":true,"showParticleSystems":true},"in2DMode":false,"pivot":{"x":0.0010753870010375977,"y":0.1861596405506134,"z":0.16778671741485597},"rotation":{"x":-0.026737326756119729,"y":0.9732643961906433,"z":-0.16087177395820619,"w":-0.161761075258255},"size":2.169996738433838,"orthographic":false}