{"cameraMode":{"drawMode":0,"name":"Shaded","section":"Shading Mode"},"sceneLighting":false,"audioPlay":false,"sceneViewState":{"showFog":true,"showMaterialUpdate":false,"showSkybox":false,"showFlares":true,"showImageEffects":true,"showParticleSystems":true},"in2DMode":false,"pivot":{"x":-0.522304892539978,"y":-0.31832873821258547,"z":-1.117120385169983},"rotation":{"x":-0.03172605112195015,"y":0.9681492447853088,"z":-0.16749516129493714,"w":-0.1833837479352951},"size":3.0705394744873049,"orthographic":false}